locality,score
Rougemont,111.29182363063374
Torricella-Taverne,74.88546820957093
Soazza,37.72944511972318
Fontenais,37.72944511972318
Bottens,37.11235020104427
Zernez,28.321537423005378
Collombey-Muraz,25.747607937477515
Deitingen,25.3202187784988
Fischbach-Göslikon,24.807410058528973
Dierikon,23.156795963606807
Gland,23.114762360436373
Kleinandelfingen,22.802408366813676
Gletterens,22.247046506032294
Porrentruy,21.941087747372674
Oftringen,21.858008905445
Lausen,21.49525476859797
Randa,21.350487297183353
Malans,21.350487297183353
Biberist,21.208891968898723
Avers,20.65525914314134
Altdorf (UR),20.280531537234854
Gerlafingen,19.630706153718506
Stettlen,19.56971822987678
Langenthal,19.51810894583771
Tenero-Contra,19.293457796931612
Alpnach,19.2654298311718
Aesch (BL),18.990116149590804
Collex-Bossy,18.876492333945748
Conthey,18.856395864133045
Prilly,18.735772964493272
Saas-Almagell,18.645079824186165
Täsch,18.642740190513365
Grono,18.59504014896162
Le Mont-sur-Lausanne,18.58937782300572
Coppet,18.53866100102211
Heiden,18.167325586882992
Sierre,17.65762713969044
Feuerthalen,17.648882655679106
Meiringen,17.54353459380179
Paradiso,17.204498170195457
Saas-Grund,17.187784567428405
Versoix,17.139814661133258
Mesocco,17.081486878247887
Collina d'Oro,16.939078291020767
Kloten,16.768861618317686
Matten bei Interlaken,16.730546264367046
Gruyères,16.6787023325266
Ayent,16.623240036745916
Vevey,16.456504523385014
Vétroz,16.398336600609053
Dornach,16.2695022501426
Saillon,16.192195248878274
Magliaso,15.893827474233243
Ligerz,15.867709220029274
Moutier,15.748382884104496
Bürglen (TG),15.717068964578797
Menziken,15.256552530304564
Riedholz,15.242158065683705
Rochefort,15.062664281482599
Ursenbach,14.90630624286013
Landquart,14.900616880666101
Fraubrunnen,14.489289321882486
Stansstad,14.343836615471368
Muntogna da Schons,14.077610494970541
Plan-les-Ouates,13.892260291191706
Roveredo (GR),13.817032894012161
Egerkingen,13.797965315570494
Ebikon,13.747989783275536
Eschlikon,13.634368911015246
Haute-Sorne,13.611963421239928
Sion,13.5721312100579
Saint-Léonard,13.572064507554085
Küsnacht (ZH),13.518443669381526
Crissier,13.430209767352967
Rheinau,13.332823085897719
Ardon,13.29302368663821
Ollon,13.117282260754415
Frenkendorf,13.090867820331397
Interlaken,13.054852816987774
Aubonne,12.956009593659141
Vouvry,12.905569732330726
Onsernone,12.88121913236487
Wilderswil,12.818632982279384
Collonge-Bellerive,12.714037832495606
Roche (VD),12.675339335842779
Rickenbach (ZH),12.585278742544928
Amriswil,12.584573108481655
Balsthal,12.56472056836892
Manno,12.468340332623013
Sattel,12.448426620356514
Savigny,12.448426620356514
Val-de-Charmey,12.405066507396134
Bergün Filisur,12.387432419759381
Savièse,12.378022055047365
Gampelen,12.335892435615934
Cheseaux-Noréaz,12.335892435615934
Elgg,12.317068763845292
Lyss,12.311988597277745
Arlesheim,12.281863726215898
Bürglen (UR),12.239322797863966
Montfaucon,12.238572735705546
Leukerbad,12.129989935517132
Liestal,12.127801996144566
Saint-Prex,12.049970455402137
Konolfingen,12.023052432257595
Zuoz,12.010691328426674
Birmensdorf (ZH),12.010018771008204
Aedermannsdorf,11.974650080502672
Spiez,11.887969793877902
Kradolf-Schönenberg,11.875115271448687
Payerne,11.861430388080015
Monteceneri,11.859905678383056
Baar,11.733314048475089
Montreux,11.688324739514616
Kappelen,11.524107263694637
Monthey,11.50111861579271
Aarburg,11.476913459025523
Raron,11.476422746150458
Chur,11.464363576341013
Leissigen,11.38991881545564
Bas-Intyamon,11.38991881545564
Herisau,11.278075582790452
Pratteln,11.162468552289136
Böztal,11.14114957984346
Eschenz,11.132433088394713
Reichenburg,11.050395906333708
Goms,10.920469041132167
Thusis,10.868053342522028
Courrendlin,10.778094683349806
Wangen an der Aare,10.750297839870655
Suhr,10.706949346816847
Nuglar-St. Pantaleon,10.704281272635894
Walzenhausen,10.704046250334573
La Neuveville,10.691646594333424
Udligenswil,10.685365737112564
Eschenbach (LU),10.609934989354107
Utzenstorf,10.608115608704788
Bättwil,10.602099064422942
Lostorf,10.602099064422942
Genève,10.551768216805266
Eggenwil,10.540535362320108
Fiez,10.540535362320108
Fürstenau,10.414538664990003
Avusy,10.405511791858332
Calanca,10.405511791858332
Rossa,10.405511791858332
Massongex,10.405511791858311
Lamone,10.382713097576262
San Vittore,10.303492731447973
Muolen,10.302044425872316
Crans (VD),10.302044425872316
Lens,10.293176481325057
Buchs (AG),10.274734942825173
Marbach (SG),10.161054032012531
Meinier,10.086315433060266
Habkern,10.061825819965243
Goldach,9.994068182679923
Derendingen,9.990593663260885
Chavannes-près-Renens,9.9894748621592
Bullet,9.98786529859165
Bex,9.972709552593935
Bulle,9.92688437420258
Val-de-Travers,9.887417007781204
Pontresina,9.772316272842133
Riederalp,9.616861144891242
Seftigen,9.56079866572371
Hüntwangen,9.497112130558223
St. Moritz,9.461904660327143
Valbirse,9.458709271121513
Hofstetten bei Brienz,9.458709271121513
Jorat-Mézières,9.370211011150923
Biel/Bienne,9.355237027637282
Thônex,9.347948892692743
Schenkon,9.292578438033756
Stein (AR),9.292578438033756
Le Chenit,9.180992704629002
Giornico,9.138063096002869
Rüttenen,9.134626838048622
La Tour-de-Peilz,9.085553581128996
Opfikon,9.081800509380969
Saint-Sulpice (VD),9.039560055088792
Zofingen,9.007989618630408
Hochdorf,9.004741241609752
Sembrancher,8.958073487073355
Bussigny,8.954735633024086
Niederwil (AG),8.94151362961601
Ferden,8.865835083996075
Lonay,8.865835083996075
Saanen,8.864120211672253
Entlebuch,8.850139789784407
Ottenbach,8.826502105784432
Les Bois,8.810182854245902
Dachsen,8.799908378632287
Delémont,8.780696719508429
Eglisau,8.758861546174998
Safiental,8.741287448184144
Chêne-Bougeries,8.7170765753031
Buchs (SG),8.675565206630878
Ronco sopra Ascona,8.664862293318171
Pully,8.645802813347602
Vaz/Obervaz,8.619010765367465
Vuisternens-devant-Romont,8.59002549021937
Wil (SG),8.578685016630121
Schiers,8.531999626412436
Lutzenberg,8.512077346035547
Disentis/Mustér,8.507150419566509
Huttwil,8.49852507244404
Andermatt,8.49627745547864
Altstätten,8.48084037482106
La Punt Chamues-ch,8.44516883260233
Rheinfelden,8.422011800710909
Auenstein,8.416480854927924
Böttstein,8.393735441280331
Niederlenz,8.35915619907799
Fribourg,8.355584555098542
Chêne-Bourg,8.352069977885035
Stocken-Höfen,8.34023672669255
Le Landeron,8.324556667917191
Agno,8.320102392925742
Noble-Contrée,8.316959612717632
Bottighofen,8.25122736190008
Surses,8.250583518652645
Jegenstorf,8.2380888953428
Silvaplana,8.199509929292134
Saas-Balen,8.15088762466795
Dietlikon,8.078489245909786
Gunzgen,8.070323298972637
Seeberg,8.070323298972637
Vallorbe,7.98022361994776
Gretzenbach,7.9714701976379105
Zermatt,7.965598968306642
Unterseen,7.952047176609088
Safenwil,7.941916296190662
Laufen,7.907789751192019
Sachseln,7.899363275671446
Dielsdorf,7.890452229287298
Rue,7.882953725588598
Bellevue,7.882953725588598
Herznach-Ueken,7.8443113084609815
Lohn (SH),7.8443113084609815
Wattwil,7.8066127732557815
Unterentfelden,7.738835882796275
Crans-Montana,7.718282842657223
Füllinsdorf,7.717877513326261
Erlenbach (ZH),7.717626342500674
Bellinzona,7.669530645772219
Lausanne,7.647445820182683
Samedan,7.624804826938202
Steg-Hohtenn,7.623858172852724
Onex,7.606460877125265
St. Margrethen,7.59833496694074
Basel,7.574413664606455
Oberkulm,7.547049173462356
Zollikofen,7.529463263842667
Obergoms,7.5260619720878905
Gersau,7.483076699865605
Egg,7.446760813868737
Marly,7.437022924325193
Oberuzwil,7.413160708621861
Bad Ragaz,7.374310961763797
Niederhünigen,7.361008886936255
Langenbruck,7.324363573173876
Tresa,7.248182901510565
Lungern,7.208912684961587
Rüti (ZH),7.189275149539841
Würenlingen,7.1721542837871555
Wallisellen,7.100928528492086
Delley-Portalban,7.077751863289932
Frauenfeld,7.075815370378894
Vernayaz,7.031949955368686
Chamoson,7.018701435680994
Port-Valais,7.011802867820578
Lancy,7.004007913336926
Bellwald,6.986117385512873
Rebstein,6.973088302474584
Homburg,6.945439364369176
Mörigen,6.944699380907706
Regensberg,6.944699380907706
Crassier,6.944699380907706
Krauchthal,6.944699380907706
Hofstetten-Flüh,6.936536355530038
Castel San Pietro,6.933695086742708
Broc,6.903537425408577
Lugano,6.84580801103351
Triengen,6.827517016759657
Grandson,6.823034606786876
Ponte Capriasca,6.821833773418857
Gams,6.764738420891434
Oberentfelden,6.745884290453235
Zweisimmen,6.733493918793793
Plateau de Diesse,6.727884929579953
Ersigen,6.724101079701885
Degersheim,6.687020084338007
Riviera,6.6810611580896575
Steffisburg,6.680606660093131
Grüningen,6.661018582645613
Himmelried,6.661018582645613
Sutz-Lattrigen,6.661018582645613
Simplon,6.633270628738375
Stammheim,6.62831634754141
Echallens,6.625753535436178
Surpierre,6.584747165874363
Aarwangen,6.584747165874363
Churwalden,6.583135403618027
Unterkulm,6.563429636794678
Hägglingen,6.561989515653056
Rothrist,6.55849833064048
Wittenbach,6.545220051238268
Schötz,6.522836703732764
Benken (ZH),6.508592650297957
Zollikon,6.494615110950907
La Chaux-de-Fonds,6.491533821491334
Schübelbach,6.487768734301588
Metzerlen-Mariastein,6.480121454636925
Bischofszell,6.432808839658863
Hindelbank,6.405566726769937
Moiry,6.405566726769937
Villars-le-Terroir,6.405566726769937
Genolier,6.405566726769937
Davos,6.40129460767016
Bussnang,6.3891396595296985
Saint-Imier,6.380918403875214
Spreitenbach,6.353710120764042
Carouge (GE),6.348399559087185
Rhäzüns,6.329825001701855
Schmerikon,6.297358287139044
Adelboden,6.292718021626093
La Ferrière,6.2561416621482815
Yverdon-les-Bains,6.23553285839348
Grenchen,6.222156405581301
Zuchwil,6.18990979824019
Trimbach,6.183388537059356
Frick,6.1574335614647975
Nyon,6.15649295957701
Lengnau (AG),6.099385807128907
Grindelwald,6.092505689093593
Beromünster,6.082215593858117
Bregaglia,6.058579630393481
Dulliken,6.054669695660313
Aesch (LU),6.02036815715664
Martigny,5.973655470361875
Glarus Süd,5.941490138835909
Schüpfheim,5.9211852746480895
Affoltern am Albis,5.917195318483775
Le Grand-Saconnex,5.916711362777413
Aigle,5.868053582986213
Milvignes,5.859981111314894
Lauterbrunnen,5.85849222474927
Albinen,5.849465884818793
Hausen am Albis,5.845391512703239
Au (SG),5.84089650294193
Biasca,5.769486906643776
Troistorrents,5.767421224671786
Matran,5.712985411362643
Le Vaud,5.712985411362643
Gisikon,5.712985411362643
Emmen,5.670568150875397
Unterengstringen,5.634405806318615
Poschiavo,5.6053333410291994
Arbon,5.583715466940533
Visp,5.545584131637518
Muttenz,5.527746334360601
Dübendorf,5.508695060186926
St. Gallen,5.50496160660608
Meyrin,5.481278102479822
Campione d'Italia,5.472564933408754
Ennetbürgen,5.471057304086691
Rüdtligen-Alchenflüh,5.464767330469096
Wald (ZH),5.464135069175539
Saignelégier,5.374925830217872
Seon,5.348912472488566
Gerzensee,5.347150218864687
Niederbipp,5.3311141495046765
Reinach (AG),5.309166553424894
Romoos,5.304298230666689
Brione sopra Minusio,5.299029036755201
Mümliswil-Ramiswil,5.288195936252523
Isérables,5.286486206272162
Oberdorf (SO),5.27227095608623
Val Terbi,5.255947826101702
Lumnezia,5.244996127969153
Silenen,5.236540043749687
Rheinwald,5.22719008159184
Gossau (SG),5.208573933360667
Cazis,5.204246276855624
Rothenthurm,5.193641843545909
Capriasca,5.1841255947790215
Kriens,5.183453705489553
Bichelsee-Balterswil,5.183048638445147
Vitznau,5.169337910530118
Wängi,5.166751769477445
Chalais,5.160090637977393
Maggia,5.153494105766395
Diessenhofen,5.108722730374492
Le Locle,5.091663538674599
Mendrisio,5.07710913834858
Walenstadt,5.062121902998788
Boudry,5.0615009422484025
Ascona,5.053853620629051
Widnau,5.052231870097131
Cudrefin,5.042822201919629
Köniz,5.039619236358864
Port,5.03395615371688
Corbeyrier,5.03395615371688
Linden,5.03395615371688
Stalden (VS),5.03395615371688
Altishofen,5.03395615371688
Luterbach,5.033929352665967
Muriaux,5.015127774160748
Melide,5.002480600881994
Pfyn,4.992055471696676
Roggwil (BE),4.963218012216804
Weesen,4.945121303059318
Arth,4.934873856260394
Walterswil (BE),4.929910526948779
Steinerberg,4.929910526948779
Teufen (AR),4.899561543880397
Arosa,4.879923698559738
Sils im Engadin/Segl,4.858464788813016
Sulgen,4.835592192041575
Les Ponts-de-Martel,4.819798749045237
Steinhausen,4.816069539040152
Twann-Tüscherz,4.803117772985075
Neuchâtel,4.799871125173268
Obersaxen Mundaun,4.799863752153456
Langendorf,4.799608292798705
Willisau,4.7758755229750705
Sarnen,4.768145896316557
Wolfhalden,4.746898117713278
Oberbipp,4.741356661235074
Glarus,4.737159632946714
Ilanz/Glion,4.728948323955213
Bougy-Villars,4.692211529426802
Sumvitg,4.664507177500569
Lenk,4.652174809351192
Ostermundigen,4.649763388025614
Schönenwerd,4.64521412229309
Fieschertal,4.643054667790584
Schlieren,4.6286313059271595
Prangins,4.616896235471973
Locarno,4.614903850613298
Wünnewil-Flamatt,4.5937981617501995
Bülach,4.576738397215998
Brig-Glis,4.559662086370078
Hagenbuch,4.537227004252294
Anières,4.537227004252294
Birmenstorf (AG),4.537227004252294
Andelfingen,4.521148594804428
Münsterlingen,4.5039553079582255
Weggis,4.5024473585664
Wettingen,4.429279533137739
Balgach,4.412917806706668
Epalinges,4.411970772305736
Morges,4.399119659710948
Saas-Fee,4.397878981251509
Courtételle,4.360002577160892
Inkwil,4.349837460118704
Kreuzlingen,4.345071503375348
Val-de-Ruz,4.3428824938801505
Ergisch,4.3403286867091255
Vordemwald,4.3403286867091255
Trüllikon,4.3403286867091255
Saint-Saphorin (Lavaux),4.3403286867091255
Prez,4.3403286867091255
Veytaux,4.3336719051692665
Binningen,4.329495728754396
Wetzikon (ZH),4.305574474850979
Illnau-Effretikon,4.290933411964161
Jaun,4.289657418382022
Stabio,4.272776399798254
Hausen (AG),4.243067411522604
Lachen,4.241070277090278
Laax,4.22721199500462
Meggen,4.2118797216875805
Biel-Benken,4.198611697764039
Luzein,4.1875165638859215
Breil/Brigels,4.132845781481422
Tavannes,4.112873040354898
Meilen,4.111099571189549
Wangen-Brüttisellen,4.091009015389216
Herbetswil,4.090119988683003
Lenzburg,4.063887869486042
Lindau,4.024425856107297
Ennetbaden,4.00457730335497
Thun,3.995472922183938
Penthalaz,3.9874981216731373
Lema,3.9489113619201457
Hombrechtikon,3.930716911765425
Uesslingen-Buch,3.9209841626479056
Zumikon,3.9119769123169057
Seengen,3.9119769123169057
Cheseaux-sur-Lausanne,3.9119769123169057
Regensdorf,3.83715644445479
Vionnaz,3.835463199439718
Porza,3.8266021391176746
Stallikon,3.824193952458575
Hérémence,3.805752929105583
Schinznach,3.79913729771964
Gebenstorf,3.7924467499612424
Männedorf,3.7919451505544055
Wauwil,3.7731173040854262
Arogno,3.7594937878006247
Pfäfers,3.758982330557973
Schleitheim,3.752102215156935
Boltigen,3.7348275543274063
Dällikon,3.7341107964183187
Losone,3.732695917685583
Schwyz,3.7046925615553064
Chavornay,3.703593426822414
Gryon,3.693539427915637
Murten,3.66729248036457
Evilard,3.663657670387261
Galgenen,3.647784476450738
Luzern,3.607400805334793
Rennaz,3.598877578903376
Neuenkirch,3.5756541292837074
Belp,3.5504896673983852
Oberdiessbach,3.5311553426826707
Lupfig,3.4965848618551645
Vex,3.494256387379156
Unteriberg,3.492782932558708
Eggerberg,3.4908901251072613
Wynigen,3.4908901251072613
Leuzigen,3.4908901251072613
Uitikon,3.490470101041322
Zürich,3.4613783410744774
Winkel,3.4593827457660016
Trubschachen,3.4593827457660016
Romainmôtier-Envy,3.4593827457660016
Avenches,3.454960831486775
Laufen-Uhwiesen,3.4390051208073715
Cureglia,3.4390051208073715
Turtmann-Unterems,3.4320095145573837
Freienbach,3.402430161801853
Oberrieden,3.387586957750654
Neunforn,3.3733076831910287
Brusino Arsizio,3.370417578958704
Alpthal,3.366774847191351
Bettmeralp,3.3529992496730667
Hägendorf,3.3521996956215574
Vilters-Wangs,3.3410977155326083
Laupersdorf,3.3109063575029674
Sursee,3.304249877911333
Adligenswil,3.2971635721622103
Sennwald,3.2970391484319586
Lengnau (BE),3.2770188616804248
La Baroche,3.2704602212752314
Ormont-Dessus,3.2701950888848637
Oron,3.261657656942654
Belfaux,3.260674298307221
Rohrbach,3.2364479508755037
Waldenburg,3.2275990852622045
Faido,3.2253681160728527
Scuol,3.2149414071424696
Steckborn,3.195068737870736
Flumenthal,3.1898854692140404
Marthalen,3.1898854692140404
Trient,3.1898854692140404
Kirchlindach,3.1815825081734057
Reichenbach im Kandertal,3.1805486680855855
Clos du Doubs,3.1646589796436837
Ramsen,3.155322889642049
Dardagny,3.146146661583315
Brugg,3.1438401587325258
Winterthur,3.1411354435688
Evolène,3.1255730677741114
La Verrerie,3.0831980506651244
Kestenholz,3.0831980506651244
Belmont-Broye,3.0779104470175733
Ingenbohl,3.072069597732942
Wyssachen,3.0628376471020005
Montagny-près-Yverdon,3.053508177883572
Eischoll,3.053508177883572
Boussens,3.053508177883572
Bösingen,3.053508177883572
Champagne,3.053508177883572
Hergiswil bei Willisau,3.053508177883572
Corseaux,3.053508177883572
Leuggern,3.053508177883572
Horw,3.0453555141153013
Flims,3.035915501203112
Leytron,3.032056256750399
Uznach,3.030348362589022
Rapperswil (BE),3.0248334030394854
Flaach,3.0109303921949575
Iseltwald,3.0075086863560765
Neunkirch,3.0075086863560765
Saint-Maurice,2.9954580897024563
Wilchingen,2.970271434843707
Obersiggenthal,2.969181993084472
Moosseedorf,2.953400246668954
Quinto,2.9421929473320754
Begnins,2.916256368499799
Elsau,2.893893301870206
Baden,2.8904332795168575
Zug,2.886741275792091
Romanshorn,2.880977647549669
Bourg-en-Lavaux,2.8789827700586876
Ebnat-Kappel,2.8771373052712503
Killwangen,2.8758773049748085
Nesslau,2.867248722166269
Lützelflüh,2.8547637341799605
Messen,2.815262764781993
Fisibach,2.8152627647819894
Remigen,2.8152627647819894
Rüfenach,2.8152627647819894
Echandens,2.8152627647819894
Varen,2.8152627647819894
Perroy,2.8152627647819894
Wettswil am Albis,2.8146393460913957
Riehen,2.8072568539377074
Trub,2.795283392326947
Horn,2.782899357160822
Zell (ZH),2.7824014071931775
Aarau,2.7808683070866524
Gordola,2.7743032087451627
Avegno Gordevio,2.7703834436052244
Kaltbrunn,2.7693576661972172
Cadenazzo,2.7637129391325868
Hünenberg,2.762090120814963
Blatten,2.7576000467292245
Court,2.75580527730482
Remetschwil,2.75580527730482
Olten,2.7330589730525148
Escholzmatt-Marbach,2.7292313561970376
Heimberg,2.7245731907218227
Jonen,2.7245731907218227
Reutigen,2.7245731907218227
Risch,2.721354184020398
Richterswil,2.7202531112996002
Bubendorf,2.714339947689357
Beatenberg,2.6709936463714437
Muzzano,2.616223967310553
Etagnières,2.6042706087075813
Zeihen,2.6042706087075813
Beckenried,2.5998895230275036
Bäretswil,2.5889630597477526
Reiden,2.5704214892671717
Minusio,2.5701480609419978
Wäldi,2.561359973818784
Montricher,2.5354660312878137
Vechigen,2.51859524331048
Le Noirmont,2.513568416697495
St. Stephan,2.513568416697495
Wolhusen,2.4971797992352855
Gambarogno,2.4884528327763533
Göschenen,2.4863844787352862
Büetigen,2.4643551345817376
Nendaz,2.463532834827555
Klingnau,2.4425511595677816
Starrkirch-Wil,2.407778041275988
Bassersdorf,2.3815878514569593
Grosswangen,2.369330185146444
Wolfwil,2.369330185146444
Teufenthal (AG),2.369330185146444
Rohrbachgraben,2.355362697588632
Tannay,2.355362697588632
Erlenbach im Simmental,2.332241812484983
Hüttwilen,2.327447861455712
Krattigen,2.3126920034859864
Kirchberg (BE),2.307846054246414
Flühli,2.2839393844712017
Buchs (ZH),2.2819064124079844
Saxon,2.2578135327750504
Russin,2.2473665651033885
Untervaz,2.2473665651033885
Solothurn,2.237360848762984
Kemmental,2.2294153750144114
Würenlos,2.22613471819088
Rorbas,2.208061042151989
Gollion,2.208061042151989
Martigny-Combe,2.167687129509249
Satigny,2.155525275095573
Rorschach,2.1470449098599382
Hermance,2.14568313582009
Les Breuleux,2.14411678511871
Dietikon,2.1184581503217066
Malters,2.1027870870569942
Bottmingen,2.0797872943573457
Sargans,2.076442769039413
Cham,2.059953109235397
Verzasca,2.0439414133106184
Affoltern im Emmental,2.0346005543750376
Madiswil,2.0169261608406854
Attiswil,2.0169261608406854
Vernier,1.9979026489205658
Jenins,1.9850099587164907
Ormalingen,1.963910986337111
Wiesendangen,1.9178723623654474
Bern,1.8903596446052895
Birsfelden,1.8793931706185332
Klosters,1.8758908619358456
Terre di Pedemonte,1.864599712733047
Kallnach,1.8605213302899692
Subingen,1.8532676641887535
Cugy (FR),1.8532676641887535
Obergösgen,1.8532676641887535
Brügg,1.8414836519667588
Renens (VD),1.8198641227961785
Gansingen,1.8151780934487827
Puplinge,1.8040658813156996
Lommis,1.8040658813156996
Kandersteg,1.7861430160824179
Berikon,1.7824822752100944
Horgen,1.7720743387060662
Anniviers,1.7709300294408277
Villeneuve (VD),1.767121424231818
Münsingen,1.7509378002634477
Oberhofen am Thunersee,1.7508395898678126
Nidau,1.7467476317826096
Muri (AG),1.7402251282742405
Domleschg,1.7204102624675237
Rothenburg,1.714260508035692
Waldstatt,1.695792866738047
Bernex,1.68932646607413
Oberriet (SG),1.6838036062247141
Laténa,1.6398996811204942
Acquarossa,1.635907872587194
Sumiswald,1.6319061693530963
Saint-Cergue,1.6268809444306325
Morcote,1.618923829236516
Rorschacherberg,1.5878785255973262
Schaffhausen,1.5869032361577329
Däniken,1.5798416778667903
Oetwil am See,1.5463943420681892
Densbüren,1.5463943420681892
Riggisberg,1.5355223455335252
Fläsch,1.533885300629758
Urnäsch,1.5227737931001286
Bowil,1.510967041562069
Caslano,1.5101433562171025
Glarus Nord,1.4875040863933509
Chiasso,1.4589646042537745
Gränichen,1.4564948047010766
Steinmaur,1.4537704118326409
Seedorf (BE),1.449891502755609
Rances,1.4472139805923216
Hemishofen,1.4472139805923216
Assens,1.445204850657238
Menzingen,1.4441617782601741
Wildhaus-Alt St. Johann,1.4270358963485579
Ettiswil,1.4265267350822133
Realp,1.424319725397435
Salenstein,1.4120644468149557
Bosco/Gurin,1.4120644468149557
Bissone,1.4120644468149557
Schöftland,1.4120644467570054
Santa Maria in Calanca,1.4120644467570054
Altnau,1.4120644467570054
Bönigen,1.4120644467570054
Origlio,1.4120644467570054
Furna,1.4120644467570054
Rubigen,1.4120644467570054
Serravalle,1.4086646102647113
Ecublens (VD),1.4084046823166063
Cugnasco-Gerra,1.3952231568571178
Berg (TG),1.3781017287331148
Leysin,1.3681901646184225
Kirchberg (SG),1.3224881053638533
Jenaz,1.3215714752779009
Etoy,1.3215714752779009
Mont-Noble,1.3130569501725424
Neuhausen am Rheinfall,1.2964488807107553
Oberembrach,1.2898954338484483
Wiedlisbach,1.284110626893288
Dürrenroth,1.284110626893288
Vacallo,1.284110626893288
Sigriswil,1.278605394622765
Unterschächen,1.2650487664112025
Rudolfstetten-Friedlisberg,1.2527227780189203
Lichtensteig,1.243154142515433
Einsiedeln,1.2428930093489934
Buchegg,1.2385945394188849
Soyhières,1.233095670870983
Ernen,1.2153933946722268
Gonten,1.1983745540447437
Schwerzenbach,1.1962068782571509
Kaisten,1.1799221521816208
La Grande Béroche,1.1351862438012745
Bubikon,1.1238036696934974
Rheineck,1.1172881008116948
Massagno,1.1169972690216001
Root,1.074478479559483
Muri bei Bern,1.0709187541080374
Muralto,1.061040179920951
Thalwil,1.0588021035056685
Gelterkinden,1.0478479196695445
Vals,1.0455653806003091
Oberdorf (BL),1.0354587816452738
Sainte-Croix,1.031150907561734
Strengelbach,1.0253201500129832
Pieterlen,1.0253201500129832
Kaufdorf,1.0253201500129832
Vinelz,1.0253201500129832
Eclépens,1.0253201500129832
Bassins,1.0253201500129832
Soubey,1.0253201500129832
Arch,1.0253201500129832
Montagny (FR),1.0253201500129832
Eiken,1.0253201500129832
Trimmis,1.0253201500129832
Saint-Gingolph,1.02532015001298
Hauptwil-Gottshaus,1.0055843726633198
Matzingen,0.9733475261906503
Laupen,0.9618913947247669
Villars-sur-Glâne,0.9614595263304285
Romanel-sur-Lausanne,0.9612266652049436
Eriswil,0.9612266652049436
Bleienbach,0.9612266652049436
Diemtigen,0.9598590271391326
Zillis-Reischen,0.946829072873809
Münchwilen (TG),0.9459496081228181
Bellach,0.9347813971506537
Brissago,0.9167974550631978
Pfungen,0.9165025915610289
Stein (AG),0.8971432028724545
Reinach (BL),0.8917159843444037
Dagmersellen,0.8848528497498219
Alberswil,0.8683367748308979
Buochs,0.8682783091904404
Urtenen-Schönbühl,0.867145685891397
Volketswil,0.8511221500764248
Oensingen,0.8379281753203598
Uerkheim,0.8360181421501938
Othmarsingen,0.8356649483529971
Feusisberg,0.8294586407001636
Estavayer,0.7983998047862674
Uzwil,0.7983211191666142
Rolle,0.7952378549177865
Niedergösgen,0.7878134365896603
Eschenbach (SG),0.7796061852633591
Vully-les-Lacs,0.7765362831142408
Finhaut,0.7682157247301967
Aadorf,0.7636643407757514
Saint-Barthélemy (VD),0.7612942718753114
Tuggen,0.7577420483524584
Gsteig,0.7418752446314302
Sissach,0.7413259122561724
Grabs,0.7329182576263711
Möriken-Wildegg,0.7257844723378849
Küttigen,0.72075292386783
Herrliberg,0.7073619495349031
Boswil,0.7040174126347677
Novazzano,0.7030801739811755
Sisikon,0.6740913503089936
Alto Malcantone,0.6648503299109131
Allschwil,0.6638113525157353
Lommiswil,0.6626907731479871
Ittigen,0.6596246709141719
Appenzell,0.6571737313737994
Mels,0.6435523297118572
Fiesch,0.6345943823588434
Hasliberg,0.6322600629161822
Schüpfen,0.6304489232999795
Bettlach,0.6298765895139624
Rapperswil-Jona,0.6204069522743558
Ipsach,0.614419327545093
Cossonay,0.6024294515691471
Erstfeld,0.5964258247489946
Tafers,0.5824559923723447
Pont-en-Ogoz,0.5783621248272517
Weiningen (ZH),0.562514436623041
Val de Bagnes,0.5620722305311097
Airolo,0.5523909567402291
Herzogenbuchsee,0.5351269685598238
Dittingen,0.5063004570657879
Reisiswil,0.5063004570657879
Bremgarten (AG),0.5054536498248228
Bachenbülach,0.4959983497648289
Amlikon-Bissegg,0.4877777529792858
Rümlang,0.4869453488379515
Val Mara,0.48624211243302745
Rothenfluh,0.48362676432007196
Lavey-Morcles,0.48362676432007196
Sagogn,0.48362676432007196
Uster,0.48197604389119086
Hauterive (FR),0.47336076789182396
Tschappina,0.4719548233239031
Lutry,0.44972446681581435
Gachnang,0.4465569846353586
Münchenstein,0.4462389642306044
Veyrier,0.44105257725173924
Oberkirch,0.4332537524861956
Reigoldswil,0.425611106744088
Granges-Paccot,0.4245078698317634
Greifensee,0.4242812527435987
Thalheim an der Thur,0.4232999415694869
Bonstetten,0.4209741284525488
Stein am Rhein,0.41080415377961244
Villmergen,0.40879143012470237
Burgdorf,0.3953827739822815
Walchwil,0.3920574811964763
Döttingen,0.3920574811964763
Meierskappel,0.39205748119647454
Sins,0.39205748119647454
Kriegstetten,0.39205748119647454
Walperswil,0.39205748119647454
Agarn,0.39205748119647454
Embrach,0.38706677029422676
Yvonand,0.38165761307469065
Schattdorf,0.3715658543848326
Leuk,0.3704002622451061
Albula/Alvra,0.36529479444025253
Hilterfingen,0.3391993592176567
Arbedo-Castione,0.3391993592176567
Wädenswil,0.3353269466994445
Centovalli,0.32965942773385554
Wangen (SZ),0.3253896464676462
Seewis im Prättigau,0.3174440664717106
Lotzwil,0.31454956120770206
Giswil,0.3046717146242729
Orbe,0.2925826064954036
Aeschi bei Spiez,0.283268348915757
Knutwil,0.27516349048801936
Koppigen,0.2740050728608177
Bürchen,0.2692401279250786
Unterägeri,0.26607093397460724
Hedingen,0.24955056722405505
Canobbio,0.24861024604790727
Quarten,0.2483033544044082
Hundwil,0.24809868059199122
Balm bei Günsberg,0.24217488198878492
Grächen,0.23406263371416525
Fehraltorf,0.23304532562387167
Orvin,0.22972720997306448
Orsières,0.2225336648763945
Merenschwand,0.21487216293565542
Moudon,0.21189625647529792
Heimiswil,0.21080081202129822
Hautemorges,0.21080081202129822
Frutigen,0.20919169693926432
Oberbuchsiten,0.19665399330815223
Biberstein,0.18195327899291497
Brot-Plamboz,0.1771527233791338
Riva San Vitale,0.1740076782695497
Gommiswald,0.17019115150160238
Düdingen,0.16307380823151071
Fully,0.16299188962607605
Kerzers,0.16196713204320803
Rüschlikon,0.15236606851381637
Falera,0.1482658247690878
Romont (FR),0.13355541010042504
Kilchberg (ZH),0.13008502346847436
Wohlen (AG),0.1254720136551778
Val Müstair,0.11681121846497933
Ormont-Dessous,0.1162597376160601
Gampel-Bratsch,0.1098052339582582
Echichens,0.10141766750991431
Hinwil,0.09841436355293534
Lüsslingen-Nennigkofen,0.09500940573691916
Fischenthal,0.08921516448175808
Erlach,0.08863870134277399
Salvan,0.08668340987671529
Sevelen,0.0846589529209971
Urdorf,0.08317304573275543
Wohlen bei Bern,0.08161942591521856
Boppelsen,0.08008949413895726
Puidoux,0.07508836729422033
Läufelfingen,0.07360852629376623
Bauma,0.0720242417703802
Schwarzenberg,0.06830843611410996
Oberwil im Simmental,0.06759440098351792
Fällanden,0.05639983891632139
Bedretto,0.050508722083119316
Ermatingen,0.04406262997837971
Maienfeld,0.04170073308399096
Mosnang,0.041516720521138195
Hallau,0.03671943167738127
Oberlunkhofen,0.030386138176701317
Erlinsbach (SO),0.029943437334520272
Confignon,0.028260572843861936
Hasle (LU),0.021666803535614117
Thörigen,0.02044331306602803
Aarberg,0.0200530010066172
Tujetsch,0.015826957625104613
Maur,0.014287561318203253
Oberägeri,0.012038712976296146
Selzach,0.011914921027616909
Hitzkirch,0.011049670674060817
Neckertal,0.010710357045273422
Mont-Vully,0.010455386733833127
Mont-la-Ville,0.009891192375625153
Märstetten,0.008606112825635066
Zufikon,0.006535440475437339
Turbenthal,0.006215430611985547
Riddes,0.005757265440399411
Châtel-Saint-Denis,0.004181008772902407
Péry-La Heutte,0.0035908270099125235
Bätterkinden,0.00318823013241131
Oberiberg,0.0019997141306034713
Schwarzenburg,0.0016321374333539468
Baulmes,0.0014834851585296262
Benken (SG),0.0014408340134038384
Schangnau,0.0013841198780108436
Büren an der Aare,0.0013308327541507615
Zurzach,0.001192991320855356
Basadingen-Schlattingen,0.0011703317546976663
Oberglatt,0.0010029726905602075
Langnau im Emmental,0.000807350339196327
Hergiswil (NW),0.0005870983577780862
Emmetten,0.00040983557135940477
Untersiggenthal,0.00015093360533523063
Küssnacht (SZ),8.373055534495242e-05
Rottenschwil,0.0
Corsier (GE),0.0
Rothenbrunnen,0.0
Corsier-sur-Vevey,0.0
Buchberg,0.0
Dottikon,0.0
Doppleschwand,0.0
Donneloye,0.0
Landiswil,0.0
Grandvillard,0.0
Grandval,0.0
Ausserberg,0.0
Grandcour,0.0
Grolley-Ponthaux,0.0
Avully,0.0
Bannwil,0.0
Ballaigues,0.0
Vinzel,0.0
Villars-Sainte-Croix,0.0
Villnachern,0.0
Villars-sous-Yens,0.0
Cottens (FR),0.0
Salgesch,0.0
Saint-Oyens,0.0
Fétigny,0.0
Féchy,0.0
Full-Reuenthal,0.0
Fräschels,0.0
Buchholterberg,0.0
Bretzwil,0.0
Bretonnières,0.0
Bretigny-sur-Morrens,0.0
Breitenbach,0.0
Brittnau,0.0
Walliswil bei Niederbipp,0.0
Cuarny,0.0
Roggliswil,0.0
Ropraz,0.0
Rongellen,0.0
Brislach,0.0
Buch am Irchel,0.0
Brütten,0.0
Brüttelen,0.0
Brünisried,0.0
Stetten (AG),0.0
Steinen,0.0
Grellingen,0.0
Romont (BE),0.0
Rumisberg,0.0
Walkringen,0.0
Pollegio,0.0
Poliez-Pittet,0.0
Bünzen,0.0
Bühler,0.0
Bözberg,0.0
Rickenbach (TG),0.0
Röthenbach im Emmental,0.0
Rupperswil,0.0
Reitnau,0.0
Riaz,0.0
Presinge,0.0
Premier,0.0
Raperswilen,0.0
Ramlinsburg,0.0
Courtelary,0.0
Cugy (VD),0.0
Vufflens-le-Château,0.0
Vucherens,0.0
Vuarrens,0.0
Vuadens,0.0
Rüdlingen,0.0
Lütschental,0.0
Mathod,0.0
Lohn-Ammannsegg,0.0
Linescio,0.0
Lignières,0.0
Lauwil,0.0
Lauerz,0.0
Lauenen,0.0
Basse-Allaine,0.0
Cuarnens,0.0
Cressier (FR),0.0
Rütschelen,0.0
Bargen (BE),0.0
Vuiteboeuf,0.0
Vugelles-La Mothe,0.0
Felben-Wellhausen,0.0
Dietwil,0.0
Les Verrières,0.0
Les Enfers,0.0
Les Clées,0.0
Lengwil,0.0
Wald (BE),0.0
Wattenwil,0.0
Reconvilier,0.0
Walterswil (SO),0.0
Graben,0.0
Volken,0.0
Wahlen,0.0
Wachseldorn,0.0
Rickenbach (SO),0.0
Rodersdorf,0.0
Rivaz,0.0
Riniken,0.0
Ringgenberg (BE),0.0
Rifferswil,0.0
Gottlieben,0.0
Gontenschwil,0.0
Rain,0.0
Wassen,0.0
Freienstein-Teufen,0.0
Giffers,0.0
Bitsch,0.0
Scheuren,0.0
Schwadernau,0.0
Schönholzerswilen,0.0
Schöfflisdorf,0.0
Seltisberg,0.0
Schwarzhäusern,0.0
Fideris,0.0
Fey,0.0
Ferrera,0.0
Feldbrunnen-St. Niklaus,0.0
Develier,0.0
Giebenach,0.0
Geltwil,0.0
Dörflingen,0.0
Langrickenbach,0.0
Ederswiler,0.0
Finsterhennen,0.0
Flurlingen,0.0
Schlierbach,0.0
Schwellbrunn,0.0
Wengi,0.0
Boulens,0.0
Bottenwil,0.0
Bossonnens,0.0
Seewen,0.0
Fischbach,0.0
Schlatt (ZH),0.0
Schlatt (TG),0.0
Bovernier,0.0
Bournens,0.0
Saint-Aubin (FR),0.0
Saicourt,0.0
Bolken,0.0
Agiez,0.0
Wynau,0.0
Aeschi (SO),0.0
Zuzwil (SG),0.0
Frauenkappelen,0.0
Altbüron,0.0
Freienwil,0.0
Wildberg,0.0
Wiggiswil,0.0
Affeltrangen,0.0
Wimmis,0.0
Willadingen,0.0
Wiliberg,0.0
Wiler bei Utzenstorf,0.0
Wilen (TG),0.0
Forst-Längenbühl,0.0
Aeugst am Albis,0.0
Wittnau,0.0
Wittinsburg,0.0
Witterswil,0.0
Froideville,0.0
Allmendingen,0.0
Staufen,0.0
Stadel,0.0
Schafisheim,0.0
Dättlikon,0.0
Därstetten,0.0
Dänikon,0.0
Dägerlen,0.0
Drei Höfe,0.0
Dotzigen,0.0
Veysonnaz,0.0
Vendlincourt,0.0
Kienberg,0.0
Le Flon,0.0
Kippel,0.0
Le Bémont (JU),0.0
Lavigny,0.0
Daillens,0.0
Céligny,0.0
Lampenberg,0.0
Grimisuat,0.0
Greppen,0.0
Greng,0.0
Grône,0.0
Grub (AR),0.0
Gravesano,0.0
Buchillon,0.0
Kiesen,0.0
S-chanf,0.0
Le Châtelard,0.0
Küblis,0.0
Känerkinden,0.0
La Chaux (Cossonay),0.0
La Sonnaz,0.0
La Roche,0.0
La Rippe,0.0
La Chaux-du-Milieu,0.0
Savosa,0.0
Schelten,0.0
Valeyres-sous-Rances,0.0
Vico Morcote,0.0
Vich,0.0
Valbroye,0.0
Sonvilier,0.0
Inwil,0.0
Kallern,0.0
Jussy,0.0
Saxeten,0.0
Sommeri,0.0
Sisseln,0.0
Birrwil,0.0
Saint-Martin (VS),0.0
Saint-Martin (FR),0.0
Veltheim (AG),0.0
Vaulruz,0.0
Speicher,0.0
Sorens,0.0
Sorengo,0.0
Isone,0.0
Häfelfingen,0.0
Mont-Tramelan,0.0
Molondin,0.0
Misery-Courtion,0.0
Cologny,0.0
Morbio Inferiore,0.0
Habsburg,0.0
Gächlingen,0.0
Gurzelen,0.0
Hallwil,0.0
Hubersdorf,0.0
Horriwil,0.0
Horrenbach-Buchen,0.0
Mauborget,0.0
Beinwil (SO),0.0
Beinwil (Freiamt),0.0
Bedano,0.0
Heimenhausen,0.0
Hefenhofen,0.0
Montpreveyres,0.0
Montilliez,0.0
Hagneck,0.0
Maisprach,0.0
Belmont-sur-Lausanne,0.0
Bellikon,0.0
Berken,0.0
Bergdietikon,0.0
Mühlau,0.0
Höri,0.0
Ependes (VD),0.0
Endingen,0.0
Ins,0.0
Untereggen,0.0
Champoz,0.0
Mirchel,0.0
Movelier,0.0
Ménières,0.0
Innerthal,0.0
Erlen,0.0
Hirschthal,0.0
Hildisrieden,0.0
Nenzlingen,0.0
Härkingen,0.0
Bennwil,0.0
Menznau,0.0
Chavannes-le-Chêne,0.0
Chardonne,0.0
Chancy,0.0
Cartigny,0.0
Nebikon,0.0
Neyruz (FR),0.0
Neuheim,0.0
Mont-sur-Rolle,0.0
Mönthal,0.0
Mézières (FR),0.0
Münchenwiler,0.0
Häutligen,0.0
Neftenbach,0.0
Ufhusen,0.0
Chippis,0.0
Chessel,0.0
Chénens,0.0
Andwil (SG),0.0
Amsoldingen,0.0
Ammerswil,0.0
Arnex-sur-Orbe,0.0
Arbaz,0.0
Anwil,0.0
Wichtrach,0.0
Attalens,0.0
Arzier-Le Muids,0.0
Treycovagnes,0.0
Bettwiesen,0.0
Bodensee (TG),0.0
Allaman,0.0
Hittnau,0.0
Seegräben,0.0
Givrins,0.0
Gipf-Oberfrick,0.0
Gingins,0.0
Gilly,0.0
Billens-Hennens,0.0
Biezwil,0.0
Schupfart,0.0
Schmitten (FR),0.0
Schmiedrued,0.0
Altendorf,0.0
Trey,0.0
Wenslingen,0.0
Bettenhausen,0.0
Bioley-Magnoux,0.0
Bioggio,0.0
Semsales,0.0
Sils im Domleschg,0.0
Worben,0.0
Aegerten,0.0
Jorat-Menthue,0.0
Jonschwil,0.0
Jens,0.0
Kehrsatz,0.0
Tschugg,0.0
Yens,0.0
Wölflinswil,0.0
Bettwil,0.0
Châtonnaye,0.0
Châtel-sur-Montsalvens,0.0
Choulex,0.0
Trélex,0.0
Meyriez,0.0
Zizers,0.0
Zihlschlacht-Sitterdorf,0.0
Zell (LU),0.0
Gals,0.0
Trun,0.0
Troinex,0.0
Kappel (SO),0.0
Thierachern,0.0
Treiten,0.0
Oppligen,0.0
Onnens (VD),0.0
Ossingen,0.0
Orpund,0.0
Oltingen,0.0
Olsberg,0.0
Ochlenberg,0.0
Buseno,0.0
Bursins,0.0
Rechthalten,0.0
Recherswil,0.0
Eppenberg-Wöschnau,0.0
Petit-Val,0.0
Personico,0.0
Perly-Certoux,0.0
Lignerolle,0.0
Liedertswil,0.0
Liddes,0.0
Luins,0.0
Leibstadt,0.0
Dinhard,0.0
Pohlern,0.0
Plasselb,0.0
Lussery-Villars,0.0
Lumino,0.0
Lully (FR),0.0
Pfaffnau,0.0
Marsens,0.0
Meienried,0.0
Mauensee,0.0
Schlossrued,0.0
Hersberg,0.0
Homberg,0.0
Hochwald,0.0
Tenniken,0.0
Tecknau,0.0
Thundorf,0.0
Bursinel,0.0
Burgistein,0.0
Buckten,0.0
Oberthal,0.0
Penthaz,0.0
Gondiswil,0.0
Renan (BE),0.0
Riemenstalden,0.0
Ried bei Kerzers,0.0
Buttwil,0.0
Buttisholz,0.0
Sâles,0.0
Termen,0.0
Orges,0.0
Titterten,0.0
Thurnen,0.0
Oberwil-Lieli,0.0
Oberweningen,0.0
Buus,0.0
Niederbüren,0.0
Cademario,0.0
Büttenhardt,0.0
Büron,0.0
Castaneda,0.0
Niederönz,0.0
Niederried bei Interlaken,0.0
Niedermuhlern,0.0
Oberburg,0.0
Oberbalm,0.0
Campo (Vallemaggia),0.0
Oberrüti,0.0
Cerentino,0.0
Corcelles (BE),0.0
Cadempino,0.0
Oberhof,0.0
Oberengstringen,0.0
Bavois,0.0
Treyvaux,0.0
Meltingen,0.0
Meinisberg,0.0
Maschwanden,0.0
Herbligen,0.0
Hellsau,0.0
Eschert,0.0
Oberlangenegg,0.0
Egolzwil,0.0
Eptingen,0.0
Oberhünigen,0.0
Concise,0.0
Courgenay,0.0
Matzendorf,0.0
Mattstetten,0.0
Hüttlingen,0.0
Hüttikon,0.0
Ueberstorf,0.0
Tübach,0.0
Tévenon,0.0
Unterramsern,0.0
Unterlangenegg,0.0
Evionnaz,0.0
Gurtnellen,0.0
Niederdorf,0.0
Etziken,0.0
Ettingen,0.0
Herdern,0.0
Madulain,0.0
Trasadingen,0.0
Tramelan,0.0
Toffen,0.0
Tobel-Tägerschen,0.0
Essertines-sur-Yverdon,0.0
Faoug,0.0
Fahy,0.0
Eysins,0.0
Niederhelfenschwil,0.0
Niederglatt,0.0
Erschwil,0.0
Flawil,-5.8138356578381546e-06
Domat/Ems,-3.229682190624472e-05
Flüelen,-3.5319654390210787e-05
Sonceboz-Sombeval,-0.00010398825661794306
Hochfelden,-0.0001251706781807394
Gais,-0.00017025507039998385
Luthern,-0.0002734424102746591
Römerswil,-0.00029092247773528725
Stäfa,-0.0003365738797015348
Andeer,-0.00035926668447591736
Naters,-0.00043372582777879444
Mörel-Filet,-0.0009361292093989694
Waldkirch,-0.00112648516262339
Güttingen,-0.0011607366194049096
Samnaun,-0.0014984205406411795
Welschenrohr-Gänsbrunnen,-0.002539151003032751
Guttannen,-0.0027401739784868747
Comano,-0.002892883787950356
Forel (Lavaux),-0.003707509403815553
Le Lieu,-0.003933706917675805
Ennetmoos,-0.005167242872340252
Thunstetten,-0.006480817828254282
Pfäffikon,-0.009129809419006759
La Sagne,-0.009684732863259259
Neuenegg,-0.010360731453747593
Fischingen,-0.01248748758856631
Thalheim (AG),-0.012490512695706644
Mammern,-0.012737020586665515
L'Abbaye,-0.016773911932180918
La Brévine,-0.017033599707283954
Mägenwil,-0.02151579818596605
Widen,-0.024964980271539795
Wiler (Lötschen),-0.025631842544060427
Glattfelden,-0.026504634866061333
Engelberg,-0.029616075636486078
Sirnach,-0.02997372388509527
Hohentannen,-0.0341206835062188
Studen (BE),-0.04015105042193283
Mellingen,-0.0407180119627154
Schwende-Rüte,-0.040739956077797165
Bütschwil-Ganterschwil,-0.04095765337917356
Dürnten,-0.041799043523092674
Brienz (BE),-0.043942312344332934
Préverenges,-0.06577458258754597
Thal,-0.08139536422461338
Rüegsau,-0.08481602723653828
Vaulion,-0.09324595798339269
Flums,-0.0991374087651711
Merishausen,-0.09929971030397892
Villeret,-0.09929971030397892
Fislisbach,-0.10038493423741002
Oberrohrdorf,-0.11313313771269036
La Sarraz,-0.1155774666036398
Kandergrund,-0.12430100785818561
Nunningen,-0.12534812097610123
Gossau (ZH),-0.1356047901967956
Lantsch/Lenz,-0.14594985273181574
Sempach,-0.15007469263040496
Weinfelden,-0.15351177219917495
Rüschegg,-0.16325469316816427
Russikon,-0.1692805438611112
Augst,-0.1692805438611112
Corminboeuf,-0.1738760183197803
Champéry,-0.18127124030706324
Beringen,-0.18316832857181936
Therwil,-0.18316832857181936
Trogen,-0.18473448849406396
Wila,-0.20326974843149304
Lyssach,-0.2032991305857391
Bonaduz,-0.20823660531831195
Adliswil,-0.22300506395251163
Eggiwil,-0.22589250805790806
Denges,-0.23020712355499617
Wagenhausen,-0.2605474926630701
Trin,-0.27155727462690876
Meikirch,-0.27155727462690876
Muhen,-0.27155727462690876
Mettauertal,-0.27155727462690876
Lüscherz,-0.27155727462690876
Rafz,-0.27155727462690876
Muotathal,-0.2860851145660857
Eggersriet,-0.28789204349167713
Stans,-0.288870492196876
Nottwil,-0.2933774386730791
Weisslingen,-0.2933774386730791
Binn,-0.3106487787073705
Büsingen am Hochrhein,-0.3285013490536954
Egnach,-0.331018420110006
Münchenbuchsee,-0.33812632567049666
Nods,-0.3398864316726803
Blonay - Saint-Légier,-0.3421995242869389
Cevio,-0.35727445859478174
Hauenstein-Ifenthal,-0.38426100301864924
Arisdorf,-0.3842610030186529
Henggart,-0.3842610030186529
Chéserex,-0.3842610030186529
Rüderswil,-0.3842610030186529
Holderbank (SO),-0.3842610030186529
Büsserach,-0.3842610030186529
Schönenbuch,-0.3842610030186529
Noville,-0.4144370690747745
Windisch,-0.4215104895408484
Diepoldsau,-0.4408198100313416
Signau,-0.4746900473579181
Bourg-Saint-Pierre,-0.47477295326999774
Erlinsbach (AG),-0.4747729532699998
Celerina/Schlarigna,-0.4804458350390182
Siblingen,-0.49437446824614784
Gurmels,-0.5019240045267173
Wollerau,-0.507138296134343
Laufenburg,-0.5135623631593031
Ruswil,-0.550193797315607
Courroux,-0.584000370614317
Morschach,-0.588572482201997
Oberegg,-0.5946991786673177
Uttwil,-0.5986684734111057
Wartau,-0.6212246737575337
Denens,-0.623136228847655
Crémines,-0.623136228847655
Wangen bei Olten,-0.6337929510741562
Oberwil (BL),-0.6356414402381669
Villigen,-0.6635100984620231
Ballwil,-0.6825602564833011
Müllheim,-0.7135580544489137
Besenbüren,-0.7365173724777326
Amden,-0.7538206535031704
Oberdorf (NW),-0.7918310497169583
Gaiserwald,-0.7933737877707624
Bolligen,-0.8743889315663611
Grüsch,-0.8810374744711724
Mönchaltorf,-0.8876694028025128
Schänis,-0.9537962772741434
Château-d'Oex,-0.9690666179202362
Icogne,-0.9894493299886379
Müntschemier,-0.9894493299886379
Muntelier,-0.9894493299886379
Büttikon,-0.9894493299886379
Melchnau,-0.9894493299886379
Werthenstein,-0.9894493299886379
Haut-Intyamon,-1.0121735042179643
Oberried am Brienzersee,-1.105014506382394
Möhlin,-1.1116827223285903
Hohenrain,-1.1323045449432987
Eriz,-1.1427518842220996
Meisterschwanden,-1.1531475534226885
Balerna,-1.2114300294362437
Breggia,-1.2161122570871359
Niederhasli,-1.2252604005860743
Gibloux,-1.229410897003792
Courtepin,-1.271904837149813
Kölliken,-1.2898504710416807
Schattenhalb,-1.2925046452001967
Uetendorf,-1.343789377133937
Buchrain,-1.359034115560927
Genthod,-1.359034115560927
Geuensee,-1.359034115560927
Häggenschwil,-1.359034115560927
Täuffelen,-1.359034115560927
Bardonnex,-1.359034115560927
Sarmenstorf,-1.3590341156146053
Wisen (SO),-1.4628592007160568
Gsteigwiler,-1.4735951777533747
Worb,-1.5062812914436892
Wald (AR),-1.508808282487532
Berneck,-1.552492291723916
Hospental,-1.5886049883960647
Birrhard,-1.607269107716972
Warth-Weiningen,-1.6654875311767807
Langnau am Albis,-1.6774573145557756
Schönengrund,-1.7130576362072962
Berlingen,-1.718848981133923
Tägerwilen,-1.755495154228945
St. Niklaus,-1.7719941028528294
Brienzwiler,-1.7905500533143615
Innertkirchen,-1.798359582429178
Paudex,-1.9120791041297107
Val-d'Illiez,-1.912079104129715
Chevroux,-1.9321293538845774
Roggwil (TG),-1.9588226747505666
Cormoret,-2.0063948303174315
Steinach,-2.0331821604849183
Mettmenstetten,-2.0848619331107767
Blenio,-2.2100290123788646
Kirchdorf (BE),-2.213655812220913
Valsot,-2.2777533323372023
Grengiols,-2.337904791868648
Günsberg,-2.396387017181493
Vorderthal,-2.4289397233619603
Staldenried,-2.4289397233619603
Neuenhof,-2.485132917488084
Aristau,-2.4968123982357855
Unterlunkhofen,-2.4968123982357855
Guggisberg,-2.531383237630802
Seuzach,-2.613917453212919
Servion,-2.614942254509709
Künten,-2.6162766608474954
Les Montets,-2.6284185445000983
Reute (AR),-2.6284185445000983
Pfeffingen,-2.6420943968311046
Villorsonnens,-2.6663910128432224
Kappel am Albis,-2.6663910128432224
Bercher,-2.6663910128432224
Otelfingen,-2.666391012843223
Hasle bei Burgdorf,-2.6711691810308387
Grosshöchstetten,-2.6711691810308387
Ried-Brig,-2.741529669180735
Lavizzara,-2.79364539086753
Koblenz,-2.8704939758400414
Mergoscia,-2.8743409107932987
Pomy,-2.8743409107932987
Biglen,-2.8743409107932987
Bois-d'Amont,-2.8743409107932987
Avry,-2.8743409107932987
Truttikon,-2.8743409107932987
Kaiseraugst,-2.9723175411185356
Cheyres-Châbles,-3.160035813930852
Wigoltingen,-3.213370214828713
Wohlenschwil,-3.2965263733092502
Diegten,-3.2965263733092502
Neerach,-3.379822676584608
Hendschiken,-3.5183266010726806
Ehrendingen,-3.5775460283513567
Schongau,-3.696333385891635
Grossaffoltern,-3.7176320184274507
Mühleberg,-3.7377289520118335
Thayngen,-3.7432243038496456
Bière,-3.8657492505293227
Rehetobel,-4.045578512371059
Farnern,-4.055496814547904
Birr,-4.055496814547904
Blumenstein,-4.206927677680111
Zwischbergen,-4.307296589547194
Tamins,-4.36145530951402
Lütisburg,-4.40540049500117
Rossinière,-4.445483764654093
Waltenschwil,-4.486002027614167
Obfelden,-4.497783565382616
Nürensdorf,-4.5771371778478365
Corgémont,-4.662805889607662
Beinwil am See,-4.770915225287629
Dallenwil,-4.859955550541447
L'Isle,-5.001444811158867
Lauperswil,-5.161801641941137
Spiringen,-5.168861247810612
Diessbach bei Büren,-5.282020072868889
Kerns,-5.357326299760512
Arni (AG),-5.518590951576428
Mörschwil,-5.558881776456781
Le Pâquier (FR),-5.881334210650569
Bettingen,-5.881334210650569
Brusio,-5.881334210650569
Heiligenschwendi,-5.881334210650569
Radelfingen,-5.881334210650569
Yvorne,-5.942588688348268
Seedorf (UR),-5.945198712185239
Leutwil,-6.115879849345901
Zäziwil,-6.115879849345901
Isenthal,-6.115879849345903
Niederweningen,-6.115879849345903
Bever,-6.359760935448235
Cortébert,-6.359760935448235
Kernenried,-6.359760935448235
Ursy,-6.359760935448235
Bäriswil,-6.359760935448235
Niederrohrdorf,-6.693672328105341
Niedergesteln,-6.775940533065122
Törbel,-6.787230965519441
Weiach,-6.899844903852098
Grossdietwil,-6.985582531451671
Bremgarten bei Bern,-7.237391494456829
Oetwil an der Limmat,-7.323225351228967
Chexbres,-7.534909948410382
Sauge,-8.041739113963306
Attinghausen,-9.388347395554488
Seelisberg,-9.434064712768441
Gempen,-9.90512124799217
Blauen,-10.226205352573754
Schneisingen,-10.697586103379434
Wolfenschiessen,-10.994110073128281
Felsberg,-13.399730905734282
Oberwil bei Büren,-14.690744669007053
Rüeggisberg,-15.077697115451366
Mezzovico-Vira,-18.167959379536253
Rickenbach (LU),-18.167959379536253
